Model,ROC_AUC,PR_AUC,Precision_at_90_Recall
ElasticNet Balanced,0.5467417817231842,0.6174548648504935,0.529
Ridge Optimal,0.5464191522488268,0.617254474437725,0.529
Gradient Boosting,0.5461377879313069,0.5932993170801195,0.539
Random Forest Balanced,0.5460281694151633,0.5884651464127627,0.547
Hybrid (Classification + Regression),0.5458027252340327,0.6175588794449652,0.529
XGBoost Optimized,0.5455372094906855,0.5933687832361189,0.537
Best Models Ensemble,0.545143829678869,0.6173441943664627,0.529
Ensemble (Top 3),0.5444079293243298,0.6167473964778174,0.528
CatBoost Optimized,0.5442776180279613,0.6078413443098071,0.528
